tradingsymbol,exchange
CANBK,NSE
CUMMINSIND,NSE
TORNTPHARM,NSE
DHFL,NSE
BANKINDIA,NSE
GMRINFRA,NSE
UNIONBANK,NSE
RECLTD,NSE
RBLBANK,NSE
NATIONALUM,NSE
TATAPOWER,NSE
APOLLOHOSP,NSE
PFC,NSE
PNB,NSE
FEDERALBNK,NSE
BEL,NSE
CHOLAFIN,NSE
INDIANB,NSE
IDFCFIRSTB,NSE
BHARATFORG,NSE
MINDTREE,NSE
EXIDEIND,NSE
TVSMOTOR,NSE
HEXAWARE,NSE
JUBLFOOD,NSE
JINDALSTEL,NSE
M&MFIN,NSE
MUTHOOTFIN,NSE
ADANIPOWER,NSE
LICHSGFIN,NSE
GODREJIND,NSE
BALKRISIND,NSE
AJANTPHARM,NSE
VOLTAS,NSE
OIL,NSE
IDBI,NSE
GLENMARK,NSE
TATAGLOBAL,NSE
SRF,NSE
AMARAJABAT,NSE
RAMCOCEM,NSE
BERGEPAINT,NSE
TATACHEM,NSE
MRPL,NSE
IGL,NSE
RELINFRA,NSE
APOLLOTYRE,NSE
NBCC,NSE
CASTROLIND,NSE
SUNTV,NSE
